<?xml version="1.0" encoding="UTF-8"?>
<project-private xmlns="http://www.netbeans.org/ns/project-private/1">
    <data xmlns="http://www.netbeans.org/ns/profiler/1" version="0.4"/>
    <editor-bookmarks xmlns="http://www.netbeans.org/ns/editor-bookmarks/1">
        <file>
            <url>src/java/ch/supsi/ist/geoshield/servlets/Proxy.java</url>
            <line>224</line>
            <line>392</line>
        </file>
        <file>
            <url>src/java/ch/supsi/ist/interceptor/shields/wfs/WfsShield.java</url>
            <line>542</line>
        </file>
        <file>
            <url>src/java/ch/supsi/ist/geoshield/data/DataManager.java</url>
            <line>440</line>
        </file>
        <file>
            <url>src/java/ch/supsi/ist/interceptor/Proxy.java</url>
            <line>469</line>
        </file>
    </editor-bookmarks>
</project-private>
