<?xml version="1.0" encoding="UTF-8" standalone="no"?>
<!DOCTYPE properties SYSTEM "http://java.sun.com/dtd/properties.dtd">
<properties>
<entry key="2_profiler.settings.code.region.cpu.res.buf.size">1000</entry>
<entry key="2_profiler.settings.sort.results.by.thread.cpu.time">false</entry>
<entry key="0_profiler.settings.instrumentation.filter.selectedprofiler.filter.type">profiler.simple.filter</entry>
<entry key="0_profiler.settings.instrument.empty.methods">false</entry>
<entry key="0_profiler.settings.instrumentation.filter.selectedprofiler.simple.filter.name"/>
<entry key="1_profiler.settings.profiling.type">16</entry>
<entry key="0_profiler.settings.cpu.exclude.wait.time">true</entry>
<entry key="0_profiler.settings.override.working.dir"/>
<entry key="1_profiler.settings.thread.cpu.timer.on">false</entry>
<entry key="1_profiler.settings.instrumentation.root.methods.size">15</entry>
<entry key="2_profiler.settings.override">false</entry>
<entry key="profiler.settings.lastselected">1</entry>
<entry key="2_profiler.settings.instrument.spawned.threads">false</entry>
<entry key="0_profiler.settings.threads.monitoring.enabled">false</entry>
<entry key="0_profiler.settings.istrument.getter.setter.methods">false</entry>
<entry key="2_profiler.settings.instrumentation.filter.selectedprofiler.filter.type">profiler.simple.filter</entry>
<entry key="2_profiler.settings.n.profiled.threads.limit">32</entry>
<entry key="1_profiler.settings.sort.results.by.thread.cpu.time">false</entry>
<entry key="2_profiler.settings.instr.scheme">1</entry>
<entry key="1_profiler.settings.instrument.method.invoke">true</entry>
<entry key="1_profiler.settings.instr.scheme">1</entry>
<entry key="2_profiler.settings.sampling.interval">10</entry>
<entry key="0_profiler.settings.instr.scheme">1</entry>
<entry key="1_profiler.settings.run.gc.on.get.results.in.memory.profiling">true</entry>
<entry key="2_profiler.settings.settings.name">Analyze Memory</entry>
<entry key="0_profiler.settings.sort.results.by.thread.cpu.time">false</entry>
<entry key="0_profiler.settings.profiling.type">1</entry>
<entry key="1_profiler.settings.cpu.exclude.wait.time">true</entry>
<entry key="2_profiler.settings.obj.alloc.stack.sampling.interval">10</entry>
<entry key="1_profiler.settings.obj.alloc.stack.sampling.depth">0</entry>
<entry key="1_profiler.settings.instrumentation.marker.methods.size">0</entry>
<entry key="1_profiler.settings.cpu.quick.filterprofiler.filter.type">profiler.simple.filter</entry>
<entry key="2_profiler.settings.thread.cpu.timer.on">false</entry>
<entry key="0_profiler.settigns.ispreset">true</entry>
<entry key="0_profiler.settings.instrumentation.filter.selectedprofiler.simple.filter.value"/>
<entry key="2_profiler.settings.override.working.dir"/>
<entry key="0_profiler.settings.cpu.quick.filterprofiler.simple.filter.type">1</entry>
<entry key="2_profiler.settings.cpu.quick.filterprofiler.simple.filter.value"/>
<entry key="2_profiler.settings.override.jvm.args"/>
<entry key="0_profiler.settings.profile.underlying.framework">false</entry>
<entry key="2_profiler.settings.profile.underlying.framework">false</entry>
<entry key="2_profiler.settings.cpu.exclude.wait.time">true</entry>
<entry key="2_profiler.settings.threads.monitoring.enabled">false</entry>
<entry key="1_profiler.settings.instrument.spawned.threads">false</entry>
<entry key="1_profiler.settings.n.profiled.threads.limit">32</entry>
<entry key="0_profiler.settings.cpu.quick.filterprofiler.simple.filter.name">Quick filter...</entry>
<entry key="2_profiler.settings.instrumentation.root.methods.size">0</entry>
<entry key="2_profiler.settings.instrument.empty.methods">false</entry>
<entry key="1_profiler.settings.istrumentation.root.methods-14">ch.supsi.ist.geoshield.servlets.Proxy,*,</entry>
<entry key="1_profiler.settings.istrumentation.root.methods-13">ch.supsi.ist.geoshield.servlets.admin.ServicesManagerCtr,*,</entry>
<entry key="1_profiler.settings.istrumentation.root.methods-12">ch.supsi.ist.geoshield.servlets.apps.Login,*,</entry>
<entry key="2_profiler.settings.instrumentation.filter.selectedprofiler.simple.filter.type">0</entry>
<entry key="1_profiler.settings.istrumentation.root.methods-11">ch.supsi.ist.geoshield.servlets.admin.LayersManagerCtr,*,</entry>
<entry key="1_profiler.settings.istrumentation.root.methods-10">ch.supsi.ist.geoshield.shields.UserShield,*,</entry>
<entry key="1_profiler.settings.instrumentation.filter.selectedprofiler.simple.filter.value">{$project.classes.only}</entry>
<entry key="1_profiler.settings.sampling.interval">10</entry>
<entry key="2_profiler.settings.cpu.profiling.type">0</entry>
<entry key="0_profiler.settings.run.gc.on.get.results.in.memory.profiling">true</entry>
<entry key="1_profiler.settigns.ispreset">true</entry>
<entry key="2_profiler.settings.instrumentation.filter.selectedprofiler.simple.filter.name"/>
<entry key="0_profiler.settings.instrument.method.invoke">true</entry>
<entry key="0_profiler.settings.obj.alloc.stack.sampling.interval">10</entry>
<entry key="1_profiler.settings.cpu.quick.filterprofiler.simple.filter.value"/>
<entry key="1_profiler.settings.code.region.cpu.res.buf.size">1000</entry>
<entry key="0_profiler.settings.instrumentation.marker.methods.size">0</entry>
<entry key="1_profiler.settings.instrumentation.filter.selectedprofiler.filter.type">profiler.simple.filter</entry>
<entry key="0_profiler.settings.override">false</entry>
<entry key="1_profiler.settings.settings.name">Analyze Performance</entry>
<entry key="2_profiler.settings.instrumentation.filter.selectedprofiler.simple.filter.value"/>
<entry key="1_profiler.settings.istrumentation.root.methods-9">ch.supsi.ist.geoshield.servlets.wfs.WfsProxy,*,</entry>
<entry key="1_profiler.settings.cpu.quick.filterprofiler.simple.filter.type">1</entry>
<entry key="1_profiler.settings.istrumentation.root.methods-8">ch.supsi.ist.geoshield.shields.RequestParser,*,</entry>
<entry key="1_profiler.settings.istrumentation.root.methods-7">ch.supsi.ist.geoshield.shields.wfs.WfsShield,*,</entry>
<entry key="1_profiler.settings.istrumentation.root.methods-6">ch.supsi.ist.geoshield.shields.app.AppsShield,*,</entry>
<entry key="1_profiler.settings.istrumentation.root.methods-5">ch.supsi.ist.geoshield.servlets.admin.UserAccountCtr,*,</entry>
<entry key="1_profiler.settings.istrumentation.root.methods-4">ch.supsi.ist.geoshield.shields.GeoShield,*,</entry>
<entry key="1_profiler.settings.istrumentation.root.methods-3">ch.supsi.ist.geoshield.servlets.admin.GroupAccountCtr,*,</entry>
<entry key="1_profiler.settings.istrumentation.root.methods-2">ch.supsi.ist.geoshield.shields.wms.WmsShield,*,</entry>
<entry key="1_profiler.settings.cpu.profiling.type">0</entry>
<entry key="1_profiler.settings.istrumentation.root.methods-1">ch.supsi.ist.geoshield.servlets.apps.Logout,*,</entry>
<entry key="1_profiler.settings.istrumentation.root.methods-0">ch.supsi.ist.geoshield.servlets.Butler,*,</entry>
<entry key="1_profiler.settings.override.jvm.args"/>
<entry key="2_profiler.settings.obj.alloc.stack.sampling.depth">0</entry>
<entry key="1_profiler.settings.instrument.empty.methods">false</entry>
<entry key="0_profiler.settings.cpu.quick.filterprofiler.filter.type">profiler.simple.filter</entry>
<entry key="1_profiler.settings.cpu.quick.filterprofiler.simple.filter.name">Quick filter...</entry>
<entry key="2_profiler.settigns.ispreset">true</entry>
<entry key="1_profiler.settings.threads.monitoring.enabled">false</entry>
<entry key="0_profiler.settings.instrumentation.root.methods.size">0</entry>
<entry key="1_profiler.settings.override.working.dir"/>
<entry key="1_profiler.settings.instrumentation.filter.selectedprofiler.simple.filter.type">2</entry>
<entry key="0_profiler.settings.n.profiled.threads.limit">32</entry>
<entry key="0_profiler.settings.cpu.quick.filterprofiler.simple.filter.value"/>
<entry key="0_profiler.settings.cpu.profiling.type">0</entry>
<entry key="0_profiler.settings.instrument.spawned.threads">false</entry>
<entry key="1_profiler.settings.instrumentation.filter.selectedprofiler.simple.filter.name">Profile only project classes</entry>
<entry key="2_profiler.settings.instrumentation.marker.methods.size">0</entry>
<entry key="0_profiler.settings.obj.alloc.stack.sampling.depth">0</entry>
<entry key="2_profiler.settings.cpu.quick.filterprofiler.filter.type">profiler.simple.filter</entry>
<entry key="0_profiler.settings.profilingpoints.enabled">true</entry>
<entry key="2_profiler.settings.cpu.quick.filterprofiler.simple.filter.type">1</entry>
<entry key="1_profiler.settings.obj.alloc.stack.sampling.interval">10</entry>
<entry key="1_profiler.settings.override">false</entry>
<entry key="2_profiler.settings.istrument.getter.setter.methods">false</entry>
<entry key="0_profiler.settings.sampling.interval">10</entry>
<entry key="1_profiler.settings.profile.underlying.framework">false</entry>
<entry key="org.netbeans.modules.profiler.j2ee.LoadGenPanel_enable">false</entry>
<entry key="2_profiler.settings.instrument.method.invoke">true</entry>
<entry key="1_profiler.settings.profilingpoints.enabled">true</entry>
<entry key="1_profiler.settings.istrument.getter.setter.methods">false</entry>
<entry key="2_profiler.settings.cpu.quick.filterprofiler.simple.filter.name">Quick filter...</entry>
<entry key="0_profiler.settings.instrumentation.filter.selectedprofiler.simple.filter.type">0</entry>
<entry key="0_profiler.settings.thread.cpu.timer.on">false</entry>
<entry key="0_profiler.settings.override.jvm.args"/>
<entry key="2_profiler.settings.profiling.type">2</entry>
<entry key="0_profiler.settings.settings.name">Monitor Application</entry>
<entry key="0_profiler.settings.code.region.cpu.res.buf.size">1000</entry>
<entry key="2_profiler.settings.profilingpoints.enabled">true</entry>
<entry key="2_profiler.settings.run.gc.on.get.results.in.memory.profiling">true</entry>
</properties>
