<?xml version="1.0" encoding="UTF-8"?>
<sos:getfeatureOfinterest
   xmlns:xsi="http://www.w3.org/2001/XMLSchema-instance"
   xsi:schemaLocation="http://schemas.opengis.net/sos/1.0.0/sosAll.xsd"
   xmlns:sos="http://www.opengis.net/sos/1.0"
   xmlns:gml="http://www.opengis.net/gml/3.2"
   xmlns:ogc="http://www.opengis.net/ogc"
   xmlns:om="http://www.opengis.net/om/1.0" service="SOS" outputFormat="text/xml;subtype='sensorML/1.0.0'"> 
<featureOfInterest>urn:ogc:object:feature:x-ist::LUGANO</featureOfInterest>
<srsName>4326</srsName>

<!-- See GetFeatureOfInterest operation description 
in the getCapabilities response to see available projection -->

<!-- Examples
<srsName>urn:ogc:crs:EPSG:21781</srsName>
<srsName>urn:ogc:crs:EPSG:4326</srsName>
<srsName>urn:ogc:crs:EPSG:8001</srsName>
-->

</sos:getfeatureOfinterest>
