<?xml version="1.0" encoding="UTF-8"?>
<wfs:GetFeature 
xmlns:wfs="http://www.opengis.net/wfs" 
outputFormat="text/xml; subtype=gml/3.1.1" resultType="results" service="WFS" version="1.1.0">
  <wfs:Query typeName="topp:tasmania_cities">
    <ogc:Filter xmlns:ogc="http://www.opengis.net/ogc">
      <ogc:And>
        <ogc:BBOX>
          <ogc:PropertyName>the_geom</ogc:PropertyName>
          <gml:Envelope xmlns:gml="http://www.opengis.net/gml">
            <gml:lowerCorner>147.15986,-43.01573</gml:lowerCorner>
            <gml:upperCorner>147.47172,-42.75345</gml:upperCorner>
          </gml:Envelope>
        </ogc:BBOX>
      </ogc:And>
    </ogc:Filter>
  </wfs:Query>
</wfs:GetFeature>
