<wfs:GetFeature service="WFS" version="1.1.0"
  xmlns:topp="http://www.openplans.org/topp"
  xmlns:wfs="http://www.opengis.net/wfs"
  xmlns:ogc="http://www.opengis.net/ogc"
  xmlns:xsi="http://www.w3.org/2001/XMLSchema-instance"
  xsi:schemaLocation="http://www.opengis.net/wfs
                      http://schemas.opengis.net/wfs/1.1.0/wfs.xsd">
  <wfs:Query typeName="topp:tasmania_cities">
    <ogc:Filter>
        <ogc:PropertyIsEqualTo>
            <ogc:PropertyName>topp:CITY_NAME</ogc:PropertyName>
            <ogc:Literal><ogc:Literal>Hobart</ogc:Literal></ogc:Literal>
        </ogc:PropertyIsEqualTo>
    </ogc:Filter>
    </wfs:Query>
</wfs:GetFeature>
